wt,pos,mut1,num_aa
N,331,DHIKSTY,7
I,332,FLMNSTV,7
T,333,AIKPRS,6
N,334,DHIKSTY,7
L,335,FMSVW,5
C,336,FGRSWY,6
P,337,AHLRST,6
F,338,CILSVY,6
D,339,AEGHNVY,7
E,340,ADGKQV,6
V,341,ADFGIL,6
F,342,CILSVY,6
N,343,DHIKSTY,7
A,344,DGPSTV,6
T,345,AINPS,5
R,346,GIKST,5
F,347,CILSVY,6
A,348,EGPSTV,6
S,349,ACFPTY,6
V,350,ADFGIL,6
Y,351,CDFHNS,6
A,352,DGPSTV,6
W,353,CGLRS,5
N,354,DHIKSTY,7
R,355,GKMSTW,6
K,356,EMNQRT,6
R,357,GIKST,5
I,358,FLMNSTV,7
S,359,CGINRT,6
N,360,DHIKSTY,7
C,361,FGRSWY,6
V,362,ADFGIL,6
A,363,DGPSTV,6
D,364,AEGHNVY,7
Y,365,CDFHNS,6
S,366,ACFPTY,6
V,367,ADFGIL,6
L,368,IPQRV,5
Y,369,CDFHNS,6
N,370,DHIKSTY,7
F,371,CILSVY,6
A,372,EGPSTV,6
P,373,ALQRST,6
F,374,CILSVY,6
F,375,CILSVY,6
A,376,DGPSTV,6
F,377,CILSVY,6
K,378,EMNQRT,6
C,379,FGRSWY,6
Y,380,CDFHNS,6
G,381,AERV,4
V,382,AEGLM,5
S,383,ACFPTY,6
P,384,AHLRST,6
T,385,AINPS,5
K,386,EINQRT,6
L,387,FISV,4
N,388,DHIKSTY,7
D,389,AEGHNVY,7
L,390,FHIPRV,6
C,391,FGRSWY,6
F,392,CILSVY,6
T,393,AINPS,5
N,394,DHIKSTY,7
V,395,ADFGIL,6
Y,396,CDFHNS,6
A,397,EGPSTV,6
D,398,AEGHNVY,7
S,399,ALPT,4
F,400,CILSVY,6
V,401,AEGIL,5
I,402,FLMNSTV,7
R,403,GIKST,5
G,404,ACDRSV,6
N,405,DHIKSTY,7
E,406,ADGKQV,6
V,407,ADFGIL,6
S,408,CGINRT,6
Q,409,EHKLPR,6
I,410,FLMNSTV,7
A,411,DGPSTV,6
P,412,ALQRST,6
G,413,AERVW,5
Q,414,EHKLPR,6
T,415,AINPS,5
G,416,AERV,4
N,417,DHIKSTY,7
I,418,FLMNSTV,7
A,419,DGPSTV,6
D,420,AEGHNVY,7
Y,421,CDFHNS,6
N,422,DHIKSTY,7
Y,423,CDFHNS,6
K,424,EINQRT,6
L,425,FISV,4
P,426,ALQRST,6
D,427,AEGHNVY,7
D,428,AEGHNVY,7
F,429,CILSVY,6
T,430,AIKPRS,6
G,431,ACDRSV,6
C,432,FGRSWY,6
V,433,ADFGIL,6
I,434,KLMRTV,6
A,435,DGPSTV,6
W,436,CGLRS,5
N,437,DHIKSTY,7
S,438,ACFPTY,6
N,439,DHIKSTY,7
K,440,EMNQRT,6
L,441,FHIPRV,6
D,442,AEGHNVY,7
S,443,ACFPTY,6
K,444,EMNQRT,6
V,445,ADFGIL,6
G,446,ACDRSV,6
G,447,ACDRSV,6
N,448,DHIKSTY,7
Y,449,CDFHNS,6
N,450,DHIKSTY,7
Y,451,CDFHNS,6
R,452,GLPQW,5
Y,453,CDFHNS,6
R,454,GIKST,5
L,455,FMSVW,5
F,456,CILSVY,6
R,457,GKMSTW,6
K,458,EMNQRT,6
S,459,ACFPTY,6
N,460,DHIKSTY,7
L,461,FHIPRV,6
K,462,EINQRT,6
P,463,AHLRST,6
F,464,CILSVY,6
E,465,ADGKQV,6
R,466,GIKST,5
D,467,AEGHNVY,7
I,468,FLMNSTV,7
S,469,ALPT,4
T,470,AINPS,5
E,471,ADGKQV,6
I,472,FLMNSTV,7
Y,473,CDFHNS,6
Q,474,EHKLPR,6
A,475,DGPSTV,6
G,476,ACDRSV,6
N,477,DHIKSTY,7
K,478,EINQRT,6
P,479,AHLRST,6
C,480,FGRSWY,6
N,481,DHIKSTY,7
G,482,ACDRSV,6
V,483,ADFGIL,6
A,484,EGPSTV,6
G,485,ACDRSV,6
V,486,ADFGIL,6
N,487,DHIKSTY,7
C,488,FGRSWY,6
Y,489,CDFHNS,6
F,490,CILSVY,6
P,491,AHLRST,6
L,492,FISV,4
Q,493,EHKLPR,6
S,494,ALPT,4
Y,495,CDFHNS,6
G,496,ACDRSV,6
F,497,CILSVY,6
R,498,GLPQ,4
P,499,AHLRST,6
T,500,AINPS,5
Y,501,CDFHNS,6
G,502,ACDRSV,6
V,503,ADFGIL,6
G,504,ACDRSV,6
H,505,DLNPQRY,7
Q,506,EHKLPR,6
P,507,ALQRST,6
Y,508,CDFHNS,6
R,509,GIKST,5
V,510,AEGIL,5
V,511,AEGIL,5
V,512,AEGIL,5
L,513,FHIPRV,6
S,514,ACFPTY,6
F,515,CILSVY,6
E,516,ADGKQV,6
L,517,FHIPRV,6
L,518,IPQRV,5
H,519,DLNPQRY,7
A,520,EGPSTV,6
P,521,ALQRST,6
A,522,EGPSTV,6
T,523,AINPS,5
V,524,ADFGIL,6
C,525,FGRSWY,6
G,526,AERV,4
P,527,AHLRST,6
K,528,EINQRT,6
K,529,EMNQRT,6
S,530,ACFPTY,6
T,531,AINPS,5
